,product_title,lowest_price,montly_sales,original_price,discount_rate,link
0,CANEL&CO Multifunction Rice Cooker Elektrik periuk nasi Penanak Nasi Electric Cooker Multi,68.90,149 sold/month,RM150.00,54%,/CANEL-CO-Multifunction-Rice-Cooker-Elektrik-periuk-nasi-Penanak-Nasi-Electric-Cooker-Multi-i.82213186.6836632948?sp_atk=aaf299f0-5eb5-4f49-b30d-644618be4652
1,Gaabor Frying And Hot Pot Steamboat And Grill GH-M13A Multifunction Cooker BBQ Grill Pan Home Kitchen Appliances,89.00,74 sold/month,RM159.00,44%,/Gaabor-Frying-And-Hot-Pot-Steamboat-And-Grill-GH-M13A-Multifunction-Cooker-BBQ-Grill-Pan-Home-Kitchen-Appliances-i.502901427.10337100245?sp_atk=80cf2342-83d3-48b0-a315-0442fca33ae9
2,🇲🇾Premium+ Non Stick Rice Cooker 2.5L / 1.2L with Steamer 400W / 200W Periuk Nasi 電飯鍋,43.50,263 sold/month,,62%,/🇲🇾Premium-Non-Stick-Rice-Cooker-2.5L-1.2L-with-Steamer-400W-200W-Periuk-Nasi-電飯鍋-i.358106862.8485443139?sp_atk=a758cd16-904a-47c1-ad45-f1ef4d5b57b1
3,Gaabor Electric Rice Cooker GR-S30A/S30B Multifunction Cooker Steamer Kitchen Home Appliances 电饭煲,89.00,162 sold/month,,36%,/Gaabor-Electric-Rice-Cooker-GR-S30A-S30B-Multifunction-Cooker-Steamer-Kitchen-Home-Appliances-电饭煲-i.502901427.5397761487?sp_atk=4edef793-7a68-4373-ab1f-311b6bd3c34f
4,1.8L Multifunctional Non Stick Electric Pot /Mini Rice Cooker With Steamer Frying Pan Electric Cooker Cooking Pot,26.30,298 sold/month,RM89.00,70%,/1.8L-Multifunctional-Non-Stick-Electric-Pot-Mini-Rice-Cooker-With-Steamer-Frying-Pan-Electric-Cooker-Cooking-Pot-i.268518313.7956455638?sp_atk=6ea66eea-af16-457f-a762-e2cc7e70cc67
5,READY STOCK UDC 😍  3 Pin Plug Lopol Electric Non Stick Ceramic Frying Pan Rice Portable Mini Rice Cooker Periuk Nasi,19.88,1.4k sold/month,,4%,/READY-STOCK-UDC-😍-3-Pin-Plug-Lopol-Electric-Non-Stick-Ceramic-Frying-Pan-Rice-Portable-Mini-Rice-Cooker-Periuk-Nasi-i.238269583.5639535723?sp_atk=82e70bb6-eb93-44ce-81c8-a9bfc2597c80
6,CURO 3 Pin Plug Lopol Electric Non Stick Ceramic Frying Pan Rice Multi Mini Rice Cooker Periuk Nasi,19.53,884 sold/month,RM49.34,60%,/CURO-3-Pin-Plug-Lopol-Electric-Non-Stick-Ceramic-Frying-Pan-Rice-Multi-Mini-Rice-Cooker-Periuk-Nasi-i.235880727.6457313519?sp_atk=ab54fe8c-0473-426b-a721-f0bd5686413d
7,REDBUZZ 1.8L Non Stick Electric Pot /Mini Rice Cooker With Steamer Frying Pan Electric Cooker Cooking Pot Periuk Nasi,19.98,869 sold/month,RM99.90,80%,/REDBUZZ-1.8L-Non-Stick-Electric-Pot-Mini-Rice-Cooker-With-Steamer-Frying-Pan-Electric-Cooker-Cooking-Pot-Periuk-Nasi-i.11244715.2578287898?sp_atk=c1fb5ae3-14f6-4538-bdba-6bae9d1cc858
8,DESSINI ITALY 10IN1 Electric Digital Pressure Cooker Non-stick Stainless Steel Inner Pot Rice Cooker Steamer (6L),126.00,672 sold/month,RM318.00,60%,/DESSINI-ITALY-10IN1-Electric-Digital-Pressure-Cooker-Non-stick-Stainless-Steel-Inner-Pot-Rice-Cooker-Steamer-(6L)-i.370480745.11500398059?sp_atk=35e92695-5382-4539-a880-a1c0a01b27c1
9,Storage Rack Kitchen Rack Multi-layer kitchen Storage Rack Multipurpose Microwave Oven Rack Rice Cooker Rack Desktop Oven Seasoning Rack Kitchen Organizer Kitchen Supplies Microwave Shelf,23.89,587 sold/month,,60%,/Storage-Rack-Kitchen-Rack-Multi-layer-kitchen-Storage-Rack-Multipurpose-Microwave-Oven-Rack-Rice-Cooker-Rack-Desktop-Oven-Seasoning-Rack-Kitchen-Organizer-Kitchen-Supplies-Microwave-Shelf-i.279875929.7356328839?sp_atk=186589cb-75d4-4bf8-9549-913968d7e14c
10,Rss_Lopol Electric NonStick Ceramic/Marble Frying Pan Rice Multi Mini Rice Cooker,18.90,458 sold/month,,20%,/Rss_Lopol-Electric-NonStick-Ceramic-Marble-Frying-Pan-Rice-Multi-Mini-Rice-Cooker-i.81516612.1744184247?sp_atk=10c5d1de-b666-4ad9-97b1-e0ca0d1c8c3f
11,*SALES*Midea 0.6L Rice Cooker MG-GP06B Glass Lid,46.90,295 sold/month,,,/*SALES*Midea-0.6L-Rice-Cooker-MG-GP06B-Glass-Lid-i.97331188.2168618330?sp_atk=7668efc3-644e-408e-b84f-73727bbeb7e9
12,Electric Multi Cooker Frying Pan Grill Pot Mini Rice Cooker Multicooker Steamer Multi Fuction,12.99,387 sold/month,,89%,/Electric-Multi-Cooker-Frying-Pan-Grill-Pot-Mini-Rice-Cooker-Multicooker-Steamer-Multi-Fuction-i.18724015.970548932?sp_atk=5b681cf3-81fa-4c3e-ad9d-187006d2e326
13,MMX Pressure Cooker Rice Cooker Stainless Steel Pot (6L) Ewant Classic MMXYBD6-100R,149.99,329 sold/month,,78%,/MMX-Pressure-Cooker-Rice-Cooker-Stainless-Steel-Pot-(6L)-Ewant-Classic-MMXYBD6-100R-i.19831046.214986705?sp_atk=74f10585-45ad-487f-b639-e8b6dc05f820
14,Mini Rice Cooker Non Stick Home Appliances Soup Pot Steamer Electric Periuk Nasi Elektrik Mini Kecil 迷你电饭煲 煲汤锅 [H06],49.80,160 sold/month,RM89.90,45%,/Mini-Rice-Cooker-Non-Stick-Home-Appliances-Soup-Pot-Steamer-Electric-Periuk-Nasi-Elektrik-Mini-Kecil-迷你电饭煲-煲汤锅-H06--i.69443962.8614793700?sp_atk=b8b2ed8e-a80d-4af9-b5ba-88cb0369447c
15,1.8L Multifunctional Non Stick Electric Pot /Mini Rice Cooker With Steamer Frying Pan Electric Cooker Cooking Pot,26.30,298 sold/month,RM89.00,70%,/1.8L-Multifunctional-Non-Stick-Electric-Pot-Mini-Rice-Cooker-With-Steamer-Frying-Pan-Electric-Cooker-Cooking-Pot-i.268518313.7956455638?sp_atk=3ca8ef98-c8b5-46aa-8b85-d7c5c1e8c7c3
16,Electric Pot /Mini Rice Cooker with steamer Free Malaysia 3 pin cable,19.00,287 sold/month,,,/Electric-Pot-Mini-Rice-Cooker-with-steamer-Free-Malaysia-3-pin-cable-i.62646976.1739042677?sp_atk=acb87aa9-a3fa-4a10-b23d-e7cc1400cda0
17,Giselle Mini Rice Cooker 1.2L with Non-stick Pot and Steamer 200W (KEA0371),51.99,273 sold/month,RM99.99,48%,/Giselle-Mini-Rice-Cooker-1.2L-with-Non-stick-Pot-and-Steamer-200W-(KEA0371)-i.104789389.8712083373?sp_atk=29bfe741-843d-4271-b03d-1a6f0a67ee70
20,Haier 1L/1.8L/2.8L Conventional Rice Cooker / Periuk Nasi (HRC-GX10A/GX18A/GX28A),49.90,260 sold/month,,,/Haier-1L-1.8L-2.8L-Conventional-Rice-Cooker-Periuk-Nasi-(HRC-GX10A-GX18A-GX28A)-i.272376146.4738118557?sp_atk=23ca3dde-9053-4fce-a282-23e9abb93a83
21,3 PIN 1.5M / 3M 500W 2500W Malaysia UK Plug Wayar Power 13A Fuse Monitor Rice Cooker Power Supply Cord Cable Wire,5.20,245 sold/month,,50%,/3-PIN-1.5M-3M-500W-2500W-Malaysia-UK-Plug-Wayar-Power-13A-Fuse-Monitor-Rice-Cooker-Power-Supply-Cord-Cable-Wire-i.76518477.6951312292?sp_atk=39641760-e980-4ca6-bbc4-7d50c268bf6c
22,"Midea [1.0L/1.8L] Conventional Rice Cooker | MR-GM18SDA-B, MR-GM18SDA-R, MRGM10SDA, MR-GM10SDA (Periuk Nasi,电饭锅)",61.88,229 sold/month,,38%,/Midea-1.0L-1.8L-Conventional-Rice-Cooker-MR-GM18SDA-B-MR-GM18SDA-R-MRGM10SDA-MR-GM10SDA-(Periuk-Nasi-电饭锅)-i.26881612.5083052613?sp_atk=a43cd536-672d-4e7f-aa16-34bfbf3a1d43
25,Electric Lunch Box Portable Mini Rice Cooker Food Steamer Heating Meal Lunchbox,25.99,221 sold/month,RM149.00,83%,/Electric-Lunch-Box-Portable-Mini-Rice-Cooker-Food-Steamer-Heating-Meal-Lunchbox-i.18724015.1112539728?sp_atk=939f5f70-c2d1-4505-82d3-1aba994ba225
26,S/Steel Multi Mini Rice Cooker Frying Grill Pan POT Steamer Periuk Nasi Electric Steamboat Multifunction Elektrik Small,18.90,220 sold/month,RM38.00,50%,/S-Steel-Multi-Mini-Rice-Cooker-Frying-Grill-Pan-POT-Steamer-Periuk-Nasi-Electric-Steamboat-Multifunction-Elektrik-Small-i.82213186.9513724730?sp_atk=5b59cdfe-7f73-4624-94cb-111296e97c16
27,READY STOCK😍 HERMAN Lopol Electric Non Stick Ceramic Marble Frying Pan Rice Multi Mini Rice Cooker Periuk Nasi Elektrik,19.04,202 sold/month,,15%,/READY-STOCK😍-HERMAN-Lopol-Electric-Non-Stick-Ceramic-Marble-Frying-Pan-Rice-Multi-Mini-Rice-Cooker-Periuk-Nasi-Elektrik-i.18558860.7814463462?sp_atk=6e4a3365-1ddd-4760-9493-96190786c70e
30,𝟮 𝗠𝗢𝗗𝗘 Non Stick Mini Cooker Pot Steamer Tray Rice Soup Maggi Mee Steamboat 1.8L Multifunction Periuk Nasi Elektrik 火锅,5.18,169 sold/month,,84%,/𝟮-𝗠𝗢𝗗𝗘-Non-Stick-Mini-Cooker-Pot-Steamer-Tray-Rice-Soup-Maggi-Mee-Steamboat-1.8L-Multifunction-Periuk-Nasi-Elektrik-火锅-i.56450643.7417473935?sp_atk=88c125ce-ddb4-4bd3-b00d-d116c2e04546
31,1.8L Non Stick Electric Pot /Mini Rice Cooker With Steamer Frying Pan Electric Cooker Cooking Pot,24.90,168 sold/month,RM99.90,75%,/1.8L-Non-Stick-Electric-Pot-Mini-Rice-Cooker-With-Steamer-Frying-Pan-Electric-Cooker-Cooking-Pot-i.31386306.11150568346?sp_atk=15c53458-822e-4eb4-8d3a-d95df362a7ce
32,Malaysia 3-pin plug mini rice cooker Home appliances 1.2l small rice cookers cooking pot electric cooker,47.50,164 sold/month,RM89.00,47%,/Malaysia-3-pin-plug-mini-rice-cooker-Home-appliances-1.2l-small-rice-cookers-cooking-pot-electric-cooker-i.45482206.6655314659?sp_atk=c5eede3d-d9f8-40c1-ae2d-7a93dc682516
35,Faber Rice Cooker With Keep Warm (1L) FRC210,47.99,160 sold/month,RM105.00,54%,/Faber-Rice-Cooker-With-Keep-Warm-(1L)-FRC210-i.44221566.848803469?sp_atk=8a679b1e-abe4-4650-a671-1a50435bcdb5
36,3.8L / 3.3LElectric NonStick Ceramic Grill Frying Pan Rice Multi Function Cooker,37.20,117 sold/month,,39%,/3.8L-3.3LElectric-NonStick-Ceramic-Grill-Frying-Pan-Rice-Multi-Function-Cooker-i.12987.2243879854?sp_atk=ce370d48-1052-49cf-8d4e-c177bb43c0f2
37,CANEL&CO Multifunction Rice Cooker Elektrik periuk nasi Penanak Nasi Electric Cooker Multi,68.90,149 sold/month,RM150.00,54%,/CANEL-CO-Multifunction-Rice-Cooker-Elektrik-periuk-nasi-Penanak-Nasi-Electric-Cooker-Multi-i.82213186.6836632948?sp_atk=bac9529a-956f-4a51-8f5f-92e4433bde07
40,Otto -1.2L Lopol Electric Non Stick Ceramic Frying Pan Rice Portable Mini Rice Cooker Periuk Nasi,18.00,137 sold/month,,16%,/Otto-1.2L-Lopol-Electric-Non-Stick-Ceramic-Frying-Pan-Rice-Portable-Mini-Rice-Cooker-Periuk-Nasi-i.205614505.7440651835?sp_atk=ed75830c-2369-4a8e-a2f4-c7611c06e66c
41,🔥READY STOCK🔥🇲🇾  Smart Mini Rice Cooker Home Students Small Multi-Function Travel 1.2L/2.5L Ready Stock,43.50,127 sold/month,,77%,/🔥READY-STOCK🔥🇲🇾-Smart-Mini-Rice-Cooker-Home-Students-Small-Multi-Function-Travel-1.2L-2.5L-Ready-Stock-i.272164095.7241165666?sp_atk=d4ea9ff8-88ee-4b46-a7e9-42807491f379
42,Russell Taylors Conventional Rice Cooker Steam Rack Included (1.8L) ERC-18,69.99,128 sold/month,RM180.00,61%,/Russell-Taylors-Conventional-Rice-Cooker-Steam-Rack-Included-(1.8L)-ERC-18-i.66336205.7716852333?sp_atk=eedd5abc-a53d-4540-9f84-558ce15e777a
45,Borong365 Multifunctional Non-Stick / Stainless Steel Mini Electric Cooker Mini Rice Cooker Steamer Pot With Steam Tray,17.90,111 sold/month,,62%,/Borong365-Multifunctional-Non-Stick-Stainless-Steel-Mini-Electric-Cooker-Mini-Rice-Cooker-Steamer-Pot-With-Steam-Tray-i.234675746.5742205113?sp_atk=017bfe75-3005-4fb8-8324-7736e4053be3
46,Rice Cooker Thermal Fuse 250V 10A Temperature Celsius 105 110 115 120 133 142 155 165 169 172 184 185 192 216 240 Degree,1.78,97 sold/month,,1%,/Rice-Cooker-Thermal-Fuse-250V-10A-Temperature-Celsius-105-110-115-120-133-142-155-165-169-172-184-185-192-216-240-Degree-i.7103033.8167706314?sp_atk=1b992f07-b6e8-48d5-a51b-c0c53cb7369a
47,Lopol 2.5L Electric NonStick Ceramic Grill Frying Pan Rice Multi Function Cooker,23.90,105 sold/month,,52%,/Lopol-2.5L-Electric-NonStick-Ceramic-Grill-Frying-Pan-Rice-Multi-Function-Cooker-i.12987.3800883181?sp_atk=1eaf5dbd-27c3-4d3d-917f-df8a46a9a85b
50,Mini rice cooker 1.2L small 1-2 people rice cooker multifunctional steaming household single kitchen small appliances,46.00,92 sold/month,RM46.50,1%,/Mini-rice-cooker-1.2L-small-1-2-people-rice-cooker-multifunctional-steaming-household-single-kitchen-small-appliances-i.462061271.8267088139?sp_atk=44f95138-aa0c-49b5-abb0-68bd73300ad7
51,PANASONIC RICE COOKER 1.8L SR-E18A / PERIUK NASI PANASONIC RICE COOKER 1.0L SR-E10,92.90,67 sold/month,,28%,/PANASONIC-RICE-COOKER-1.8L-SR-E18A-PERIUK-NASI-PANASONIC-RICE-COOKER-1.0L-SR-E10-i.29424047.1302103732?sp_atk=d7bb6744-56e9-41d1-872f-76d6a0f305b2
52,2 Layers Non Stick Mini Cooker Pot Steamer Tray Rice Soup Maggi Mee Steamboat 1.8L Multifunction Periuk Nasi Elektrik 火锅,27.99,90 sold/month,,,/2-Layers-Non-Stick-Mini-Cooker-Pot-Steamer-Tray-Rice-Soup-Maggi-Mee-Steamboat-1.8L-Multifunction-Periuk-Nasi-Elektrik-火锅-i.251428537.3432725060?sp_atk=2a10f00a-cc46-4ffb-8bbc-c5b268f7d24d
55,Primada 8 Liter Jumbo Pressure Cooker PC8030 + FREE MARBLE SET/ELECTRIC MULTICOOKER/2 SS POTS/BBQ STEAMBOAT POT,609.00,1 sold/month,,53%,/Primada-8-Liter-Jumbo-Pressure-Cooker-PC8030-FREE-MARBLE-SET-ELECTRIC-MULTICOOKER-2-SS-POTS-BBQ-STEAMBOAT-POT-i.84680165.2356709042?sp_atk=d96304b2-199e-4220-a514-48dca7d0e252
56,Gaabor Electric Rice Cooker GR-S60A Big Capacity Touch Multi Function Cooker Kitchen Appliances,149.00,25 sold/month,RM269.00,45%,/Gaabor-Electric-Rice-Cooker-GR-S60A-Big-Capacity-Touch-Multi-Function-Cooker-Kitchen-Appliances-i.502901427.11744862998?sp_atk=755ec427-0845-4b25-91fd-ab4fefb449c6
57,Primada Smart Rice Cooker PSC60,205.00,,RM399.00,49%,/Primada-Smart-Rice-Cooker-PSC60-i.84680165.2913182503?sp_atk=d49ee4ff-6735-46ee-bcc9-502c5ff172a4
60,Philips Viva Collection Rice Cooker HD3132 | HD3132/60,177.00,41 sold/month,RM263.00,33%,/Philips-Viva-Collection-Rice-Cooker-HD3132-HD3132-60-i.175347531.2760288130?sp_atk=bf33b234-955a-47fb-9bb2-2ba9409a316f
61,Rss_Lopol Electric NonStick Ceramic/Marble Frying Pan Rice Multi Mini Rice Cooker,18.90,458 sold/month,,20%,/Rss_Lopol-Electric-NonStick-Ceramic-Marble-Frying-Pan-Rice-Multi-Mini-Rice-Cooker-i.81516612.1744184247?sp_atk=6518e57b-d692-4fe0-bc79-fd368102857b
62,Xiaomi Mi Smart Mini Rice Cooker No IH Induction Heating 1.6L / 3L C1 Appointment LED Display Automatic Electric Cooker,99.00,44 sold/month,,68%,/Xiaomi-Mi-Smart-Mini-Rice-Cooker-No-IH-Induction-Heating-1.6L-3L-C1-Appointment-LED-Display-Automatic-Electric-Cooker-i.340857652.3365690175?sp_atk=33fced9c-e5ce-4b4f-9200-46a5309a605b
63,"PHILIPS 6L All-In-One Cooker (Viva Collection) HD2137/62 | HD2137 - Slow cook, pressure cook, multicook",489.00,17 sold/month,RM753.00,35%,/PHILIPS-6L-All-In-One-Cooker-(Viva-Collection)-HD2137-62-HD2137-Slow-cook-pressure-cook-multicook-i.175347531.2760288219?sp_atk=e9ad5a3c-a1bd-48a9-825e-bbdca40f012e
64,Haier 1.0L Conventional Rice Cooker HRC-GX10A,49.00,43 sold/month,RM79.00,38%,/Haier-1.0L-Conventional-Rice-Cooker-HRC-GX10A-i.95885329.12814080500?sp_atk=9c902d4d-537c-4de5-8282-d9247ef0cc92
65,REDBUZZ 3.2L Smart Electric Digital Rice Cooker Pot Multifunction Periuk Masak Noodle Non-Stick Cooking Pot Steamer 电煮锅,12.90,87 sold/month,,56%,/REDBUZZ-3.2L-Smart-Electric-Digital-Rice-Cooker-Pot-Multifunction-Periuk-Masak-Noodle-Non-Stick-Cooking-Pot-Steamer-电煮锅-i.11244715.7814392854?sp_atk=f7736bb6-444f-478c-b68e-06902510a280
66,Philips Daily Collection Jar Rice Cooker HD3129 | HD3129/60,159.00,51 sold/month,RM253.00,37%,/Philips-Daily-Collection-Jar-Rice-Cooker-HD3129-HD3129-60-i.175347531.2760287995?sp_atk=bdc35a21-8d01-4dd1-a111-bfe17e314bd7
67,NonStick Multi Mini Rice Cooker Frying Grill Pan POT Steamer Periuk Nasi Electric Steamboat Multifunction Elektrik Small,17.00,81 sold/month,,57%,/NonStick-Multi-Mini-Rice-Cooker-Frying-Grill-Pan-POT-Steamer-Periuk-Nasi-Electric-Steamboat-Multifunction-Elektrik-Small-i.82213186.4678782918?sp_atk=ecd00287-115d-49b1-be1d-75f48370c37e
68,"Hericaine Mini Rice Cooker 1.2L Non Stick Pot 200W *Free Rice Spoon, Rice Cup, Steam Plate*",44.60,78 sold/month,,10%,/Hericaine-Mini-Rice-Cooker-1.2L-Non-Stick-Pot-200W-*Free-Rice-Spoon-Rice-Cup-Steam-Plate*-i.161276433.11431788628?sp_atk=e69c39a5-620d-44fe-a5a9-467d257ddd87
69,Lopol 1.8L Multi Cooker Mini Rice Cooker Electric Stainless Steel Multi Cooker Mini Rice Cooker  - TF MART,18.50,75 sold/month,,74%,/Lopol-1.8L-Multi-Cooker-Mini-Rice-Cooker-Electric-Stainless-Steel-Multi-Cooker-Mini-Rice-Cooker-TF-MART-i.427571.3345118591?sp_atk=70c2ce49-ea18-4ab5-a5fe-b9fb1df1e982
70,LOPOL 1.8L !!! Electric 2 Layer Non Stick Rice Cooker Steamboat Fry Steamer Cooker with Tray,18.50,74 sold/month,,,/LOPOL-1.8L-!!!-Electric-2-Layer-Non-Stick-Rice-Cooker-Steamboat-Fry-Steamer-Cooker-with-Tray-i.28257850.5812391546?sp_atk=48ae83a6-9ee4-47bb-91b1-6f8d36fbc5ad
71,SHARP Rice Cooker (Non-Stick) Periuk Nasi - 1L /1.8L/2.2L/2.8L/4.5L,89.00,68 sold/month,,,/SHARP-Rice-Cooker-(Non-Stick)-Periuk-Nasi-1L-1.8L-2.2L-2.8L-4.5L-i.436508828.10909061783?sp_atk=2fdc12d5-3238-4d68-ab01-57edfa1e4435
72,Toshiba/Midea  Rice Cooker With Computer RC-18DH1NMY (1.8L)/ RC-10DH1NMY (1.0L)/ MB-FS17 (1.7L),159.74,66 sold/month,,45%,/Toshiba-Midea-Rice-Cooker-With-Computer-RC-18DH1NMY-(1.8L)-RC-10DH1NMY-(1.0L)-MB-FS17-(1.7L)-i.154039251.2903689155?sp_atk=02673540-0513-4ca3-a2be-050f4c40ea93
73,"10A/15A/20A 250V Thermal Fuse 185°c, 200°c, 216°c, 230°c Thermalfuse Rice Cooker",3.20,63 sold/month,,,/10A-15A-20A-250V-Thermal-Fuse-185°c-200°c-216°c-230°c-Thermalfuse-Rice-Cooker-i.95888842.6750772248?sp_atk=2cfd1f39-a777-4113-a135-045437fd6490
74,READY STOCK😍 HERMAN 22CM Electric Multicooker Non Stick Rice Cooker Food Mini Hot Pot periuk nasi elektrik,39.40,46 sold/month,,,/READY-STOCK😍-HERMAN-22CM-Electric-Multicooker-Non-Stick-Rice-Cooker-Food-Mini-Hot-Pot-periuk-nasi-elektrik-i.18558860.2663942557?sp_atk=68dab529-5133-4790-b0a1-51fc281c42d4
75,KONKA Multifunctional Mini Electric Cooker With Steamed Egg Rack 1.5L [KZG-15YX301],58.20,62 sold/month,RM130.10,55%,/KONKA-Multifunctional-Mini-Electric-Cooker-With-Steamed-Egg-Rack-1.5L-KZG-15YX301--i.492634493.11424805596?sp_atk=6e721067-42ff-4ed9-9756-4c529aa6bffc
76,[Pensonic/Midea] (1.0L/1.8L) Conventional Rice Cooker with Glass Lid | MG-GP10B MGGP10B PRC-11E PRC-18E (Periuk Nasi 电饭锅,59.88,61 sold/month,,33%,/-Pensonic-Midea-(1.0L-1.8L)-Conventional-Rice-Cooker-with-Glass-Lid-MG-GP10B-MGGP10B-PRC-11E-PRC-18E-(Periuk-Nasi-电饭锅-i.26881612.1288651037?sp_atk=9faf3c22-5355-418a-b230-d47e450cd528
77,~SHIP FROM KL~ 1.8 L Electric Pot / Mini Rice Cooker with steamer New Version Ceramic Coating Non-Sticky mini cooker,24.00,61 sold/month,RM24.90,4%,/~SHIP-FROM-KL~-1.8-L-Electric-Pot-Mini-Rice-Cooker-with-steamer-New-Version-Ceramic-Coating-Non-Sticky-mini-cooker-i.15059375.7515174974?sp_atk=1546d21e-78b7-48e4-9704-991ccbc6db1d
80,Multi-function 1.8L Electric Mini Cooking Pot Steamer With Inner Non-Stick Inner Pot Rice Cooker Multi Cooker/不粘锅多功能锅,23.99,60 sold/month,RM38.00,37%,/Multi-function-1.8L-Electric-Mini-Cooking-Pot-Steamer-With-Inner-Non-Stick-Inner-Pot-Rice-Cooker-Multi-Cooker-不粘锅多功能锅-i.351663657.4495435611?sp_atk=65414573-b459-489b-9002-6bfc07aa9723
81,《 𝗠'𝗦𝗜𝗔 𝗩𝗘𝗥𝗦𝗜𝗢𝗡 》 Non Stick Multifunctional Cooker 1.8L Electric Rice Soup Steamboat Cooking Pot Periuk Nasi Elektrik 火锅,5.18,59 sold/month,,84%,/《-𝗠'𝗦𝗜𝗔-𝗩𝗘𝗥𝗦𝗜𝗢𝗡-》-Non-Stick-Multifunctional-Cooker-1.8L-Electric-Rice-Soup-Steamboat-Cooking-Pot-Periuk-Nasi-Elektrik-火锅-i.7727453.6816409642?sp_atk=d13e3705-33dd-4da8-8c13-f309b8409c07
82,【HOMAX】Electric Grill Pan NonStick Ceramic Electric Cooker Mini Rice Cooker Multi Cooker Mini Steamboat 电煮锅,36.80,59 sold/month,,77%,/【HOMAX】Electric-Grill-Pan-NonStick-Ceramic-Electric-Cooker-Mini-Rice-Cooker-Multi-Cooker-Mini-Steamboat-电煮锅-i.432177682.13606677877?sp_atk=fbf2e27f-d3ed-4a18-9e91-0404619808b2
85,Russell Taylors Dual Pot Pressure Cooker Rice Cooker 2 Pots + Steam (6L) PC-60,229.99,57 sold/month,RM249.99,8%,/Russell-Taylors-Dual-Pot-Pressure-Cooker-Rice-Cooker-2-Pots-Steam-(6L)-PC-60-i.66336205.1540177707?sp_atk=673830c8-975b-4145-afeb-afd840028950
86,【ORIGINAL】 SMART RICE COOKER 5L Soup Timer,109.00,57 sold/month,RM238.00,54%,/【ORIGINAL】-SMART-RICE-COOKER-5L-Soup-Timer-i.280823950.3480824297?sp_atk=dbd942ff-a629-4814-8c97-e9314e51a8fb
87,Rice Cooker Thermal Fuse 250V 10A 85°~250° 85/90/95/130/139/142/145/152/165/169/175/179/180/185/192/210/216/225/240/250,1.40,57 sold/month,,,/Rice-Cooker-Thermal-Fuse-250V-10A-85°~250°-85-90-95-130-139-142-145-152-165-169-175-179-180-185-192-210-216-225-240-250-i.182316490.3079087612?sp_atk=c14f11d8-4a15-4b75-a7b0-82077680a730
90,HERMAN😍 1.8L Non Stick Multi function Electric Cooker /Rice Cooker /Steamer Frying Pan /Portable Pot /Periuk Nasi Mee,20.32,55 sold/month,,13%,/HERMAN😍-1.8L-Non-Stick-Multi-function-Electric-Cooker-Rice-Cooker-Steamer-Frying-Pan-Portable-Pot-Periuk-Nasi-Mee-i.18558860.6573692181?sp_atk=855913e3-cf64-4504-ab9e-6413a2dc5c4b
91,MMX Pressure Cooker Stainless Steel Pot Rice Cooker Rendang (6L) 12 Functions Ewant Pro MMXYBD6-100A,188.88,54 sold/month,RM999.00,83%,/MMX-Pressure-Cooker-Stainless-Steel-Pot-Rice-Cooker-Rendang-(6L)-12-Functions-Ewant-Pro-MMXYBD6-100A-i.19831046.7003427625?sp_atk=4e7a3b04-bfab-4cab-ab2e-5928f1f4d4ee
92,DA35 Electric Multi Rice Cooker Mini Hot Pot Periuk Nasi Elektrik Masak Frying Grill Pengukus Steamer Multifunction,18.70,54 sold/month,RM49.90,63%,/DA35-Electric-Multi-Rice-Cooker-Mini-Hot-Pot-Periuk-Nasi-Elektrik-Masak-Frying-Grill-Pengukus-Steamer-Multifunction-i.24484132.8892906101?sp_atk=7c95e25a-5ed9-43de-b479-87671fcdf0c8
95,RENODAPUR GH32POT 22cm/26cm 2 in 1 Electric Multi Cooker Steam Tray Nonstick Frying Pan Steamer Rice Cooker frying pan,26.99,53 sold/month,,,/RENODAPUR-GH32POT-22cm-26cm-2-in-1-Electric-Multi-Cooker-Steam-Tray-Nonstick-Frying-Pan-Steamer-Rice-Cooker-frying-pan-i.310842735.4858698495?sp_atk=237bb92a-2fac-4955-aaa1-7b5bbb53aa00
96,Electric Multi Function Mini Cooker 2in1Pot DE100 Steamer Hotpot Rice Cooker Periuk Nasi Malaysia Plug,25.88,42 sold/month,,65%,/Electric-Multi-Function-Mini-Cooker-2in1Pot-DE100-Steamer-Hotpot-Rice-Cooker-Periuk-Nasi-Malaysia-Plug-i.5998353.8356071826?sp_atk=90d06cd8-378e-40cc-9b53-165e83720ef3
97,Malaysia Plug 4L 3-5 persons Electric NonStick Ceramic Grill Frying Pan Rice Multi Function Cooker,55.90,53 sold/month,RM99.90,44%,/Malaysia-Plug-4L-3-5-persons-Electric-NonStick-Ceramic-Grill-Frying-Pan-Rice-Multi-Function-Cooker-i.12987.10727918161?sp_atk=e841c7bb-cf27-4da2-a776-56dba1383496
100,"[Free Bubble Packing] Pensonic/Midea (1.8L/2.8L) Jar Rice Cooker | PSR-2802, PSR-1802, MR-CM2224, RCJ188 Periuk Nasi 电饭锅",81.88,53 sold/month,,45%,/-Free-Bubble-Packing-Pensonic-Midea-(1.8L-2.8L)-Jar-Rice-Cooker-PSR-2802-PSR-1802-MR-CM2224-RCJ188-Periuk-Nasi-电饭锅-i.26881612.3812997850?sp_atk=4c0b8f90-700c-4379-8557-505c011519fb
101,Panaletrik Korean Mini Rice Cooker 1.2L Multi Cooker Hot Pot,43.89,52 sold/month,RM125.00,65%,/Panaletrik-Korean-Mini-Rice-Cooker-1.2L-Multi-Cooker-Hot-Pot-i.18724015.2432537025?sp_atk=8843f364-79d3-4e01-825a-1a1936f2dc88
102,Sinshiro Low Sugar Rice Cooker Low Sugar Non Stick 3L Elektrik Periuk Nasi Elektrik Kecil 脫糖電飯煲 Smart Rice Cookers,199.00,26 sold/month,RM499.00,60%,/Sinshiro-Low-Sugar-Rice-Cooker-Low-Sugar-Non-Stick-3L-Elektrik-Periuk-Nasi-Elektrik-Kecil-脫糖電飯煲-Smart-Rice-Cookers-i.310456472.8414791388?sp_atk=3897ceb5-b6cf-43d7-916f-75d2964e588d
105,[Free Bubble Packing] (Pensonic/Cornell) Rice Cooker | PRC-6G PRC-602S PRC-1002S PRC-1802S  (Periuk Nasi 电饭锅),63.55,48 sold/month,,40%,/-Free-Bubble-Packing-(Pensonic-Cornell)-Rice-Cooker-PRC-6G-PRC-602S-PRC-1002S-PRC-1802S-(Periuk-Nasi-电饭锅)-i.26881612.1396645014?sp_atk=5da13ddc-9d44-4e88-93dc-7df8523d2375
106,𝙉𝙊𝙉 𝙎𝙏𝙄𝘾𝙆 💥 Multifunction 1.8L Electric 2 Modes Cooker Rice Noodle Soup Mini Hot Pot Smarter Design Periuk Nasi 电煮火锅,5.16,47 sold/month,,84%,/𝙉𝙊𝙉-𝙎𝙏𝙄𝘾𝙆-💥-Multifunction-1.8L-Electric-2-Modes-Cooker-Rice-Noodle-Soup-Mini-Hot-Pot-Smarter-Design-Periuk-Nasi-电煮火锅-i.130577200.7517486663?sp_atk=1e746ea5-0a00-4daa-ab02-955bc6ebf2be
107,"Multipurpose Electric Non-Stick Cooker, Fry, Steam, Rice Cooker Mini Cooker Ready Stock",19.50,47 sold/month,RM40.00,51%,/Multipurpose-Electric-Non-Stick-Cooker-Fry-Steam-Rice-Cooker-Mini-Cooker-Ready-Stock-i.55885366.5949130670?sp_atk=ce05657d-769e-433d-a189-a315d6d196b0
110,KONKA Rice Cooker 2L With Non-stick Pan/Steaming Rack 420W (KRC-RS1),128.10,46 sold/month,RM274.20,53%,/KONKA-Rice-Cooker-2L-With-Non-stick-Pan-Steaming-Rack-420W-(KRC-RS1)-i.492634493.4996567242?sp_atk=c47d3bef-0876-4f24-8ee4-b846bf96d3d8
111,Mini Rice Cooker Multi Cooker Electric Cooker Periuk Nasi Elektrik Rice Cooker Small Steamer Steamboat Pot Tefal,47.89,45 sold/month,RM78.00,39%,/Mini-Rice-Cooker-Multi-Cooker-Electric-Cooker-Periuk-Nasi-Elektrik-Rice-Cooker-Small-Steamer-Steamboat-Pot-Tefal-i.1555498.3245886361?sp_atk=ed625a59-32ee-4229-8bc5-ad14fcf8b018
112,Otto-1.2L Lopol Electric Non Stick Ceramic Frying Pan Rice Multi Mini Rice Cooker Periuk Nasi,19.50,45 sold/month,,7%,/Otto-1.2L-Lopol-Electric-Non-Stick-Ceramic-Frying-Pan-Rice-Multi-Mini-Rice-Cooker-Periuk-Nasi-i.205614505.4764709824?sp_atk=f1e0dfd4-1de7-42e2-94e2-7a7414b0d7d4
115,Gaabor Electric Rice Cooker GR-S30B Multifunction Cooker Steamer Kitchen Home Appliances 电饭锅电饭煲,109.00,,RM169.00,36%,/Gaabor-Electric-Rice-Cooker-GR-S30B-Multifunction-Cooker-Steamer-Kitchen-Home-Appliances-电饭锅电饭煲-i.502901427.14215696897?sp_atk=5b5b674e-2d89-418f-90f9-95ebacb783c7
116,Panasonic Conventional Rice Cooker (3.6L) SR-WN36,185.00,29 sold/month,RM229.00,19%,/Panasonic-Conventional-Rice-Cooker-(3.6L)-SR-WN36-i.95885329.2354714364?sp_atk=fadb383d-6798-4b94-a666-15d8b5bb8804
117,Milux Electric Rice Cooker 4.5L MRC-545 MRC545 Periuk Nasi Besar Elektrik Commercial,158.80,6 sold/month,,10%,/Milux-Electric-Rice-Cooker-4.5L-MRC-545-MRC545-Periuk-Nasi-Besar-Elektrik-Commercial-i.105283875.10339611805?sp_atk=cadd24b1-6fd1-4032-aa04-c8d9248be19f
120,Tefal Rice Cooker Pro IH Steam 10 Cups (RK820D65),899.00,4 sold/month,"RM1,499.00",40%,/Tefal-Rice-Cooker-Pro-IH-Steam-10-Cups-(RK820D65)-i.84645381.1941213138?sp_atk=112c41a0-3800-474b-a711-155c45d09eef
121,Sinshiro Low Sugar Rice Cooker Low Sugar Non Stick 3L Elektrik Periuk Nasi Elektrik Kecil 脫糖電飯煲 Smart Rice Cookers,199.00,26 sold/month,RM499.00,60%,/Sinshiro-Low-Sugar-Rice-Cooker-Low-Sugar-Non-Stick-3L-Elektrik-Periuk-Nasi-Elektrik-Kecil-脫糖電飯煲-Smart-Rice-Cookers-i.310456472.8414791388?sp_atk=5f941d7d-aeae-43cc-84de-81877713d904
122,MORGAN Electric Pressure Cooker 6L MPC-136,165.15,13 sold/month,RM899.00,82%,/MORGAN-Electric-Pressure-Cooker-6L-MPC-136-i.18724015.1663875261?sp_atk=98cbcd80-7975-423b-94e7-522bf708e889
123,Milux Rice Cooker 1.8L MRC-2118,74.70,1 sold/month,RM83.90,11%,/Milux-Rice-Cooker-1.8L-MRC-2118-i.105283875.9012001011?sp_atk=7fdf1fe1-5042-4b2b-85b6-197b07128120
124,Cuckoo CR-0810F 1.4 Liter  Micom Rice Cooker and Warmer,260.00,2 sold/month,RM410.00,37%,/Cuckoo-CR-0810F-1.4-Liter-Micom-Rice-Cooker-and-Warmer-i.230937972.9962677835?sp_atk=74967c4a-2278-40f3-9220-8c8e0157b526
125,Xiaomi Mi Smart Mini Rice Cooker No IH Induction Heating 1.6L / 3L C1 Appointment LED Display Automatic Electric Cooker,99.00,44 sold/month,,68%,/Xiaomi-Mi-Smart-Mini-Rice-Cooker-No-IH-Induction-Heating-1.6L-3L-C1-Appointment-LED-Display-Automatic-Electric-Cooker-i.340857652.3365690175?sp_atk=e75ee224-bd36-4a4a-805a-90f330bbb5cb
126,Cassa 2 Layer/ 3 Layer Zigwave Microwave Oven Rice Cooker Rack Kitchen Dapur shelf Organizer Storage ( Option: Drawer ),30.00,44 sold/month,,70%,/Cassa-2-Layer-3-Layer-Zigwave-Microwave-Oven-Rice-Cooker-Rack-Kitchen-Dapur-shelf-Organizer-Storage-(-Option-Drawer-)-i.2572727.7677495863?sp_atk=69257f98-1a11-40ea-bdd0-783d25924ee8
127,Primada Smart Rice Cooker PSCL301,159.00,44 sold/month,RM318.00,50%,/Primada-Smart-Rice-Cooker-PSCL301-i.84680165.6726032876?sp_atk=67dc3b7d-f982-4559-b974-b0bae0eb4e9f
128,"MIDEA Mini Rice Cooker 0.6L Conventional Periuk Nasi (MG-GP06B, MGGP06B)",46.90,43 sold/month,,33%,/MIDEA-Mini-Rice-Cooker-0.6L-Conventional-Periuk-Nasi-(MG-GP06B-MGGP06B)-i.281678273.4842772187?sp_atk=6516c174-8288-45b1-9807-78747f315625
129,READY STOCK UDC😋 1.2L Retro Rice Cooker non stick multifunctional minimalist family gift periuk nasi Electric Mini Kecil,44.88,43 sold/month,RM69.00,36%,/READY-STOCK-UDC😋-1.2L-Retro-Rice-Cooker-non-stick-multifunctional-minimalist-family-gift-periuk-nasi-Electric-Mini-Kecil-i.238269583.8645747227?sp_atk=4a41c822-6268-4f78-bab8-0d78d956a79e
130,Haier 1.0L Conventional Rice Cooker HRC-GX10A,49.00,43 sold/month,RM79.00,38%,/Haier-1.0L-Conventional-Rice-Cooker-HRC-GX10A-i.95885329.12814080500?sp_atk=e8ae6eba-9b7a-4e71-87db-c6f33c01d1c2
131,"""12.12 SALE"" Oven Rack Microwave Rack Expandable Adjustable Storage Rack Multi-layer Kitchen Rice Cooker Seasoning Oven",49.90,42 sold/month,,,/-12.12-SALE-Oven-Rack-Microwave-Rack-Expandable-Adjustable-Storage-Rack-Multi-layer-Kitchen-Rice-Cooker-Seasoning-Oven-i.541269770.13725934132?sp_atk=bc47480e-19e4-4437-96e1-60a4775bf976
132,MMX Pressure Cooker Rice Cooker Stainless Steel Pot (8L) MMXYBD8-135R Ewant Classic,208.88,41 sold/month,,74%,/MMX-Pressure-Cooker-Rice-Cooker-Stainless-Steel-Pot-(8L)-MMXYBD8-135R-Ewant-Classic-i.19831046.2225409046?sp_atk=9f24a8fc-5395-436e-ba91-df604add704f
133,Philips Viva Collection Rice Cooker HD3132 | HD3132/60,177.00,41 sold/month,RM263.00,33%,/Philips-Viva-Collection-Rice-Cooker-HD3132-HD3132-60-i.175347531.2760288130?sp_atk=3c8d775b-6005-48fc-aab7-e9e9ccc33922
134,KIMI Multifunction Cooker Electric Cooker Nonstick Pan Frying Pan Mini Rice Cooker Steamer Periuk Nasi  Hot Pot 1.8L,45.90,41 sold/month,,55%,/KIMI-Multifunction-Cooker-Electric-Cooker-Nonstick-Pan-Frying-Pan-Mini-Rice-Cooker-Steamer-Periuk-Nasi-Hot-Pot-1.8L-i.463725515.8784775693?sp_atk=2e96d1d2-cada-4863-9c50-18be8b23cf8b
135,日本千寿 Low Sugar Rice Cooker 低糖电饭锅 6-in-1 Multi Purpose Desugar Rice Cooker/Ready Stock/Local Warranty 健康低糖多功能电饭锅,229.00,26 sold/month,,58%,/日本千寿-Low-Sugar-Rice-Cooker-低糖电饭锅-6-in-1-Multi-Purpose-Desugar-Rice-Cooker-Ready-Stock-Local-Warranty-健康低糖多功能电饭锅-i.352430869.8956916035?sp_atk=1d00d17e-9e94-43b1-bdec-83c41fafa87b
136,Microwave Oven Rack Stainless Steel Rak Ketuhar Kitchen Rack Rice Cooker Toaster Rack Rak Dapur Rak,49.50,40 sold/month,,50%,/Microwave-Oven-Rack-Stainless-Steel-Rak-Ketuhar-Kitchen-Rack-Rice-Cooker-Toaster-Rack-Rak-Dapur-Rak-i.182480224.7943669796?sp_atk=7ecbffdc-1eff-4476-af17-dd24975f6307
137,Singer 0.6L Rice Cooker RC06,57.00,40 sold/month,RM65.00,12%,/Singer-0.6L-Rice-Cooker-RC06-i.21673293.5535200253?sp_atk=80096cf0-d966-4a22-b48f-cd5be6dc1fae
140,【Ready Stock Msia】 2 Tier Wooden Microwave Oven Rack Rice Cooker Storage Rack Kitchen Shelf Organizers,33.00,38 sold/month,,,/【Ready-Stock-Msia】-2-Tier-Wooden-Microwave-Oven-Rack-Rice-Cooker-Storage-Rack-Kitchen-Shelf-Organizers-i.16882205.7315667058?sp_atk=492fa7f3-cf77-49e7-935e-a11a242d4669
141,Midea 0.6L Mini Conventional Rice Cooker Periuk Nasi Kecil (MG-GP06B),44.80,38 sold/month,,35%,/Midea-0.6L-Mini-Conventional-Rice-Cooker-Periuk-Nasi-Kecil-(MG-GP06B)-i.250128298.7930694863?sp_atk=7825f840-3fc9-4b6e-acf9-f0f46112e1f8
142,Purple Electric Multi Cooker 3.8L Frying Pan Grill Hot Pot Food Steamer Rice Cooker 2.0L/ 3.8L Steamboat,29.68,38 sold/month,,64%,/Purple-Electric-Multi-Cooker-3.8L-Frying-Pan-Grill-Hot-Pot-Food-Steamer-Rice-Cooker-2.0L-3.8L-Steamboat-i.18724015.7763103304?sp_atk=efb78d4b-beae-4776-b041-d1e65b780902
145,Mini Rice Cooker 1.2L Small Rice Cookers Cooking Pot Electric Cooker with Non-stick Pot,47.99,38 sold/month,,,/Mini-Rice-Cooker-1.2L-Small-Rice-Cookers-Cooking-Pot-Electric-Cooker-with-Non-stick-Pot-i.251428537.10153236584?sp_atk=32b862fc-6227-4b05-a7e9-9e58319bdfea
146,Mynazaa---1.2L Electric 2 Layer Non Stick Rice Cooker Steamboat Fry Steamer Cooker,18.00,37 sold/month,,10%,/Mynazaa-1.2L-Electric-2-Layer-Non-Stick-Rice-Cooker-Steamboat-Fry-Steamer-Cooker-i.302907310.7849756582?sp_atk=808326f6-b9fb-4257-81f2-e5cc49db1b8b
147,DESSINI ITALY 10 IN 1 Electric Digital Pressure Cooker Non-stick Stainless Steel Inner Pot Rice Cooker Steamer (8L),189.90,37 sold/month,RM475.00,60%,/DESSINI-ITALY-10-IN-1-Electric-Digital-Pressure-Cooker-Non-stick-Stainless-Steel-Inner-Pot-Rice-Cooker-Steamer-(8L)-i.370480745.6087482998?sp_atk=71c10c5b-5b2c-45a9-8250-2acab69ebf29
150,"[Free Bubble Packing] Pensonic 1.8L Batik Series Rice Cooker | PSR-1801, PSR1801, PSR-1808B, PSR1808B (Periuk Nasi,电饭锅)",84.88,36 sold/month,,29%,/-Free-Bubble-Packing-Pensonic-1.8L-Batik-Series-Rice-Cooker-PSR-1801-PSR1801-PSR-1808B-PSR1808B-(Periuk-Nasi-电饭锅)-i.26881612.1936225378?sp_atk=b6097323-3f45-4928-974c-d057d7e258e4
151,Toshiba Digital Rice Cooker【HPH】,165.00,25 sold/month,,,/Toshiba-Digital-Rice-Cooker【HPH】-i.44660854.4902997035?sp_atk=1bd49e67-8b97-4221-b0a7-8f4a86d6d9d1
152,Midea Conventional Rice Cooker MG-GP06B (0.6L)/ MG-GP10B (1.0L),44.55,36 sold/month,,42%,/Midea-Conventional-Rice-Cooker-MG-GP06B-(0.6L)-MG-GP10B-(1.0L)-i.154039251.5336277674?sp_atk=2cf6d401-6b63-4a14-b0b3-9517b34aa62f
155,[READY STOCK] TOPFINE 24cm/26cm Quality Electric Multicooker Non Stick Rice Cooker Food Mini Hot Pot,39.48,35 sold/month,,33%,/-READY-STOCK-TOPFINE-24cm-26cm-Quality-Electric-Multicooker-Non-Stick-Rice-Cooker-Food-Mini-Hot-Pot-i.34752365.1651402666?sp_atk=651545d7-229e-4873-9479-682b6e935034
156,Midea Conventional Rice Cooker 0.6L [MG-GP06B] |Ready Stocks | Fast Shipping,45.90,29 sold/month,RM89.00,48%,/Midea-Conventional-Rice-Cooker-0.6L-MG-GP06B-Ready-Stocks-Fast-Shipping-i.148307502.2255792521?sp_atk=942387a2-5e95-43ae-a42d-1ba4c83d3eb7
157,BEC 1.0L Conventional Rice Cooker,42.50,35 sold/month,RM45.90,7%,/BEC-1.0L-Conventional-Rice-Cooker-i.7087809.278679052?sp_atk=d6d4b757-e6aa-4876-8d48-56bcc3d1d512
160,Milux Commercial Electric 4.5L Rice Cooker MRC545 / MRC-545 饭煲 Periuk Nasi,165.00,35 sold/month,RM229.00,28%,/Milux-Commercial-Electric-4.5L-Rice-Cooker-MRC545-MRC-545-饭煲-Periuk-Nasi-i.31942016.489206400?sp_atk=382bacd3-5497-44d4-bdcc-3be50848d012
161,Kettle Plug Cord Set 1.0MM X 1.5 Meters 3 Pin 250V 13A Power Supply Cable for Desktop Computer Rice Cooker,9.80,34 sold/month,RM13.90,29%,/Kettle-Plug-Cord-Set-1.0MM-X-1.5-Meters-3-Pin-250V-13A-Power-Supply-Cable-for-Desktop-Computer-Rice-Cooker-i.66513563.7136538013?sp_atk=c0de8c95-2cca-4370-9f7f-b1052ee496ad
162,Milux Classy Mini Rice Cooker (0.3 L) MRC-703 (1.0L) MRC-510,56.90,27 sold/month,,40%,/Milux-Classy-Mini-Rice-Cooker-(0.3-L)-MRC-703-(1.0L)-MRC-510-i.19103212.2095792009?sp_atk=59af1155-9546-4759-9e1f-96b67879b86b
165,MMX Pressure Cooker Stainless Steel Pot Rice Cooker Rendang (6L) Ewant Pro,188.88,32 sold/month,RM680.00,72%,/MMX-Pressure-Cooker-Stainless-Steel-Pot-Rice-Cooker-Rendang-(6L)-Ewant-Pro-i.19831046.1542795768?sp_atk=4422721e-a85c-45b1-9200-852066ef036b
166,【Original】New Version 20 Button Pressure Cooker Dessini Rice Cooker Periuk Tekanan 6L & 8L,109.00,32 sold/month,,59%,/【Original】New-Version-20-Button-Pressure-Cooker-Dessini-Rice-Cooker-Periuk-Tekanan-6L-8L-i.280823950.3241120867?sp_atk=d5b37053-a092-4682-b1cb-59cb933ce32b
167,"Multi-function electric cooker 3L/5L Non-Stick Steamboat Rice Cooker with Temperature Control, with Overheating Protection, with steamer for Fry, Sauté, Steam, Simmer, Electric Frying Pan",68.80,32 sold/month,,23%,/Multi-function-electric-cooker-3L-5L-Non-Stick-Steamboat-Rice-Cooker-with-Temperature-Control-with-Overheating-Protection-with-steamer-for-Fry-Sauté-Steam-Simmer-Electric-Frying-Pan-i.441550238.8556971512?sp_atk=9bae2c52-e7ce-4d91-ac7f-cecea2b2dd82
170,Toshiba Mechanical Rice Cooker (1.8L) RC-18JH1NMY,94.00,30 sold/month,,45%,/Toshiba-Mechanical-Rice-Cooker-(1.8L)-RC-18JH1NMY-i.154039251.2903868883?sp_atk=9ac59bbc-c7a9-4b5f-809f-f3ad8eb9af9d
171,🔥🔥ready stock DESN kenwood Pressure Cooker Stainless Steel Pot Rice Cooker (6L 8L)Malaysia plug,120.00,30 sold/month,,37%,/🔥🔥ready-stock-DESN-kenwood-Pressure-Cooker-Stainless-Steel-Pot-Rice-Cooker-(6L-8L)Malaysia-plug-i.67100472.8667898721?sp_atk=da6ee26f-3330-453c-8b9e-28a41d70ef69
172,DESSINI ITALY 10IN1 Electric Digital Pressure Cooker Non-stick Stainless Steel Inner Pot Rice Cooker Steamer (6L),122.00,30 sold/month,RM309.00,61%,/DESSINI-ITALY-10IN1-Electric-Digital-Pressure-Cooker-Non-stick-Stainless-Steel-Inner-Pot-Rice-Cooker-Steamer-(6L)-i.370480745.8049185791?sp_atk=721b30e2-d2af-4007-aa82-b3436cf8498f
175,Europlus Emerald Multi Cooker Non Stick Inner Pot Multifunctional Electric Cooker with Steamer Rack,159.00,17 sold/month,RM199.00,20%,/Europlus-Emerald-Multi-Cooker-Non-Stick-Inner-Pot-Multifunctional-Electric-Cooker-with-Steamer-Rack-i.136071322.7340851076?sp_atk=21dc2913-00c3-437e-93a5-08fbc87b13df
176,MMX Pressure Cooker Stainless Steel Pot Rice Cooker Rendang (6L) 12 Functions Ewant Pro MMXYBD6-100A,188.88,54 sold/month,RM999.00,83%,/MMX-Pressure-Cooker-Stainless-Steel-Pot-Rice-Cooker-Rendang-(6L)-12-Functions-Ewant-Pro-MMXYBD6-100A-i.19831046.7003427625?sp_atk=ae9e2e69-beb5-43f5-b590-b2cc951cd6a6
177,Joyoung MIni Electric Cooker K12-D603 rice cooker Line Friends Steamer Personal Hotpot Stainless Steel Electric Boiler,94.00,8 sold/month,RM129.00,27%,/Joyoung-MIni-Electric-Cooker-K12-D603-rice-cooker-Line-Friends-Steamer-Personal-Hotpot-Stainless-Steel-Electric-Boiler-i.499459523.12324353095?sp_atk=3b8328c2-e45f-46bb-ab3d-5f4d0b8da5f1
180,5L Multifunction Electric Smart Rice Cooker Non Stick,122.90,,RM175.57,30%,/5L-Multifunction-Electric-Smart-Rice-Cooker-Non-Stick-i.545227048.14303974841?sp_atk=fd101bcc-7561-46da-b60b-9105d561429f
181,"Hericaine Mini Rice Cooker 1.2L Non Stick Pot 200W *Free Rice Spoon, Rice Cup, Steam Plate*",44.60,78 sold/month,,10%,/Hericaine-Mini-Rice-Cooker-1.2L-Non-Stick-Pot-200W-*Free-Rice-Spoon-Rice-Cup-Steam-Plate*-i.161276433.11431788628?sp_atk=9e82a163-dd72-4586-baa2-04fcba892643
182,Tefal Induction Rice Cooker (1.5L) RK808,429.00,1 sold/month,RM699.00,39%,/Tefal-Induction-Rice-Cooker-(1.5L)-RK808-i.84645381.2911376751?sp_atk=af9ac61e-e6be-4102-a829-89a592b6af65
183,"Molly Multi-Function Cooker ""The Complete Set"" | ALL 5 Plates suitable for BBQ, Steamboat, Steam Fish, Grilling,","1,011.00",,"RM1,252.00",19%,/Molly-Multi-Function-Cooker-The-Complete-Set-ALL-5-Plates-suitable-for-BBQ-Steamboat-Steam-Fish-Grilling--i.202848272.6467492419?sp_atk=7fde0f4c-38a5-4f84-b733-abcb7be7a470
184,Cuckoo CR-0675F 1.08 Liter Micom Rice Cooker and Warmer,249.00,24 sold/month,RM400.00,38%,/Cuckoo-CR-0675F-1.08-Liter-Micom-Rice-Cooker-and-Warmer-i.230937972.9962685302?sp_atk=b98dafe6-48a7-4a2e-b69f-08043296f88b
185,Spot new kitchen appliances rice cooker smart genuine household multifunctional 5L wholesale large-capacity home appliances现货 新款 厨房电器 电饭煲锅 智能正品 家用多功能5L批发大容量家电,110.20,1 sold/month,,5%,/Spot-new-kitchen-appliances-rice-cooker-smart-genuine-household-multifunctional-5L-wholesale-large-capacity-home-appliances现货-新款-厨房电器-电饭煲锅-智能正品-家用多功能5L批发大容量家电-i.461507208.9974955430?sp_atk=f43f418e-573e-40ec-993c-9899e308e5ee
186,2.5 L(2-3 Persons) Rice Cooker Mini With Steamer Coating Non-Stick Frying Pan Multi-Function Hot Pot Electric Wok,42.00,30 sold/month,,55%,/2.5-L(2-3-Persons)-Rice-Cooker-Mini-With-Steamer-Coating-Non-Stick-Frying-Pan-Multi-Function-Hot-Pot-Electric-Wok-i.458615656.8780062304?sp_atk=5fbb2cd4-fbe3-4db6-a045-735a081ebdca
187,【Ready Stock】Lopol Electric NonStick Ceramic/Marble Frying Pan Rice Multi Mini Rice Cooker,19.90,30 sold/month,RM48.00,59%,/【Ready-Stock】Lopol-Electric-NonStick-Ceramic-Marble-Frying-Pan-Rice-Multi-Mini-Rice-Cooker-i.116952520.2709250221?sp_atk=1d5bfa8c-f5a4-4d98-956e-b06796e6e913
188,【TUGU】Electric Grill Pan NonStick Ceramic Electric Cooker Mini Rice Cooker Multi Cooker Mini Steamboat 电煮锅,35.88,30 sold/month,,75%,/【TUGU】Electric-Grill-Pan-NonStick-Ceramic-Electric-Cooker-Mini-Rice-Cooker-Multi-Cooker-Mini-Steamboat-电煮锅-i.391915951.11349028441?sp_atk=6a430b72-ad25-4a0b-97be-bbf1eeb73b2b
189,Russell Taylors Dual Pot Pressure Cooker Electric Rice Cooker 2 Inner Pots + 1 Steam Rack (8L) PC-80,279.99,29 sold/month,RM299.99,7%,/Russell-Taylors-Dual-Pot-Pressure-Cooker-Electric-Rice-Cooker-2-Inner-Pots-1-Steam-Rack-(8L)-PC-80-i.66336205.2647663536?sp_atk=f3385689-8586-4efa-855a-97a1449ff37b
190,Panasonic Conventional Rice Cooker (3.6L) SR-WN36,185.00,29 sold/month,RM229.00,19%,/Panasonic-Conventional-Rice-Cooker-(3.6L)-SR-WN36-i.95885329.2354714364?sp_atk=62bdeedc-b7b2-4cfa-9c0f-d501732727fb
191,XMA 9cup 1.8Liter Rice Cooker XMA-188RC,52.00,29 sold/month,,,/XMA-9cup-1.8Liter-Rice-Cooker-XMA-188RC-i.12918180.814076893?sp_atk=7e5dbb7a-655b-41e4-8dc9-02b835ee7349
192,MIDEA RICE COOKER (1.8L / 0.6L ) MG-GP18B / MG-GP06B / MG-GP10B,49.90,27 sold/month,,65%,/MIDEA-RICE-COOKER-(1.8L-0.6L-)-MG-GP18B-MG-GP06B-MG-GP10B-i.28537410.7116564465?sp_atk=2f88918e-67ee-433c-9d2b-e76b6ee5ce05
193,Periuk Masak/ Mini Cooker Serbaguna Non Stick Double Layer(Tidak Melekat)/ Pengukus/ Rice Cooker/ Steamboat/ Masak,19.55,28 sold/month,RM36.00,46%,/Periuk-Masak-Mini-Cooker-Serbaguna-Non-Stick-Double-Layer(Tidak-Melekat)-Pengukus-Rice-Cooker-Steamboat-Masak-i.162012926.6049716596?sp_atk=813cadf4-de22-44ca-bace-426ee250ff6c
194,Multi-functional Electric Cooker Fry Cooking Pot Rice Cooker Hot Pot / mini cooker/ 电煮锅 / 多功能锅,19.99,28 sold/month,,,/Multi-functional-Electric-Cooker-Fry-Cooking-Pot-Rice-Cooker-Hot-Pot-mini-cooker-电煮锅-多功能锅-i.213973115.2989264762?sp_atk=4d2231f7-9808-459b-b659-fb17511cbaea
195,[BUBBLE WRAPPED!] PANASONIC 1.8L RICE COOKER SR-E18A,103.90,28 sold/month,,,/-BUBBLE-WRAPPED!-PANASONIC-1.8L-RICE-COOKER-SR-E18A-i.75013212.1447053968?sp_atk=f3b75cd9-b4f7-4ed7-b290-2877c88f01cb
196,Tefal Rice Cooker Mini (0.7L) RK5001,199.00,27 sold/month,RM279.00,29%,/Tefal-Rice-Cooker-Mini-(0.7L)-RK5001-i.84645381.1941213110?sp_atk=2e571f97-5b97-4653-b390-f001ffd5b74c
197,B.S.B Mini Non-stick Rice Cooker European Retro Vintage Elegant Design Electric Cooker Family Gift Periuk Nasi,45.90,24 sold/month,RM65.00,29%,/B.S.B-Mini-Non-stick-Rice-Cooker-European-Retro-Vintage-Elegant-Design-Electric-Cooker-Family-Gift-Periuk-Nasi-i.118059163.7867609588?sp_atk=62e6891b-979b-48e2-91c4-a9b9cff45bb9
200,Practical 10 Pcs Food Grade Plastic Rice Measuring Cup Rice Cooker Measurement Tools for Dry and Liquid Ingredients (160ml),5.66,25 sold/month,RM9.06,38%,/Practical-10-Pcs-Food-Grade-Plastic-Rice-Measuring-Cup-Rice-Cooker-Measurement-Tools-for-Dry-and-Liquid-Ingredients-(160ml)-i.460669566.8790265640?sp_atk=e9ca0fef-40f9-46ac-a0bc-1aefdfe08365
201,Midea Smart Rice Cooker (1.0L)MBFS10 MBFS10GN MBFS10PK,123.75,25 sold/month,,35%,/Midea-Smart-Rice-Cooker-(1.0L)MBFS10-MBFS10GN-MBFS10PK-i.154039251.4539539423?sp_atk=89c9dd7a-0780-4772-95fd-6bab136cc0cb
202,[12.12] Corvan Multi-functional Rice Cooker C20 with Low Sugar Program (4-6 Pax),248.00,25 sold/month,RM699.00,65%,/-12.12-Corvan-Multi-functional-Rice-Cooker-C20-with-Low-Sugar-Program-(4-6-Pax)-i.16280186.8264807879?sp_atk=40c8868f-bbd3-4f4e-8a6b-d32c92834885
205,"Tefal 1.8L (10 Cups) Easy Fuzzy Logic Rice Cooker | RK732, RK7321, RK732167 (Baby Porridge Cooker Periuk Nasi 电饭锅)",182.00,25 sold/month,RM299.00,39%,/Tefal-1.8L-(10-Cups)-Easy-Fuzzy-Logic-Rice-Cooker-RK732-RK7321-RK732167-(Baby-Porridge-Cooker-Periuk-Nasi-电饭锅)-i.26881612.11551700100?sp_atk=6e01cbaf-fe13-4fd6-af1f-c76d6654eba5
206,Panasonic Rice Cooker (1.0 L/1.8 L/2.8 L/3.6 L),97.24,24 sold/month,,,/Panasonic-Rice-Cooker-(1.0-L-1.8-L-2.8-L-3.6-L)-i.51172.706696992?sp_atk=548e59d1-ac63-4f05-9442-832883194570
207,"Samu GiKen Digital Rice Cooker (3 Litre), Model: RC30",102.90,24 sold/month,RM229.90,55%,/Samu-GiKen-Digital-Rice-Cooker-(3-Litre)-Model-RC30-i.64325609.11630195837?sp_atk=a3c50e76-79d3-4870-9bfe-cf05d761770a
210,Singer RC06 -0.6L Rice Cooker *Ready Stock & Bubble Wrap*,57.00,24 sold/month,RM65.00,12%,/Singer-RC06-0.6L-Rice-Cooker-*Ready-Stock-Bubble-Wrap*-i.21714253.5836983838?sp_atk=3eb071d4-74f0-4159-bd7c-b740cd89aac4
211,Cuckoo CR-0675F 1.08 Liter Micom Rice Cooker and Warmer,249.00,24 sold/month,RM400.00,38%,/Cuckoo-CR-0675F-1.08-Liter-Micom-Rice-Cooker-and-Warmer-i.230937972.9962685302?sp_atk=4ab9262f-b6d0-4a28-8429-d4a23f16b0db
212,22cm/24cm Electric Multicooker Non Stick Tempered Glass Lid Rice Cooker Food Mini Hot Pot,26.00,23 sold/month,,,/22cm-24cm-Electric-Multicooker-Non-Stick-Tempered-Glass-Lid-Rice-Cooker-Food-Mini-Hot-Pot-i.235881227.8724715723?sp_atk=ce3851ef-88d9-4e17-8203-bd7871c275d8
215,[Stock in Malaysia]Mini Rice Cooker 1.2L Small 1-2 People Rice Cooker Multifunctional Steaming Kitchen Small Appliances,47.50,22 sold/month,RM150.00,68%,/-Stock-in-Malaysia-Mini-Rice-Cooker-1.2L-Small-1-2-People-Rice-Cooker-Multifunctional-Steaming-Kitchen-Small-Appliances-i.391901594.10514223559?sp_atk=962048db-64a6-4e0b-bd52-a2848f65914a
216,[BUBBLE WRAP] TRIO 0.3L MINI RICE COOKER TJC030,64.00,22 sold/month,,,/-BUBBLE-WRAP-TRIO-0.3L-MINI-RICE-COOKER-TJC030-i.216189305.5615088763?sp_atk=3899efc8-c89b-4c0c-a6c8-a2bf49a4216e
217,Midea Rice Cooker Mini 0.6L small capacity MD-MGGP06B [One year Warranty],45.99,22 sold/month,,48%,/Midea-Rice-Cooker-Mini-0.6L-small-capacity-MD-MGGP06B-One-year-Warranty--i.68085252.7010690476?sp_atk=e4b8d84c-2b00-40d8-8351-eb77eee8e71e
220,Electric Cooking Pot [3L] Cooker Non Stick Frying Pan Rice Cooker Portable Periuk Elektrik Nasi Hotpot Steamboat,65.60,22 sold/month,RM89.00,26%,/Electric-Cooking-Pot-3L-Cooker-Non-Stick-Frying-Pan-Rice-Cooker-Portable-Periuk-Elektrik-Nasi-Hotpot-Steamboat-i.267913944.8406471783?sp_atk=44f0a402-0858-4f14-b03a-7c53a8269103
221,2 Tiers Wooden Microwave Electric Rice Cooker Desktop Oven Rack Kitchen Supplies Rack Floor Shelf Storage Rak Dapur,31.99,22 sold/month,,42%,/2-Tiers-Wooden-Microwave-Electric-Rice-Cooker-Desktop-Oven-Rack-Kitchen-Supplies-Rack-Floor-Shelf-Storage-Rak-Dapur-i.3924494.1617185987?sp_atk=270d3cda-b0f4-470b-a7e6-fc08ad6c8f3c
222,Steamer Steamboat Pot Electric Rice Cooker Periuk Kukus Pengukus Elektrik Periuk Non Stick Cooking Pot Mini Cooker Pan,36.90,13 sold/month,,74%,/Steamer-Steamboat-Pot-Electric-Rice-Cooker-Periuk-Kukus-Pengukus-Elektrik-Periuk-Non-Stick-Cooking-Pot-Mini-Cooker-Pan-i.677661.8214258736?sp_atk=9753e9c3-9915-4075-a0a8-254bcdf56b3c
225,Innohut Multifunctional Non-Stick / Stainless Steel Mini Electric Cooker Mini Rice Cooker Steamer Pot With Steam Tray,18.50,21 sold/month,,61%,/Innohut-Multifunctional-Non-Stick-Stainless-Steel-Mini-Electric-Cooker-Mini-Rice-Cooker-Steamer-Pot-With-Steam-Tray-i.13107.2329387168?sp_atk=e4ce8594-8dda-46ba-9f56-ebb63eec5986
226,Milux 10L Electric Commercial Rice Cooker MRC-5200 / MRC5200 饭煲 Periuk Nasi,325.00,21 sold/month,RM419.00,22%,/Milux-10L-Electric-Commercial-Rice-Cooker-MRC-5200-MRC5200-饭煲-Periuk-Nasi-i.31942016.4117307389?sp_atk=8eb2d0a6-c134-499d-b05e-2c4672d0c2cd
227,Pentec Rice Cooker (1.0 L) TAC-501H TAC-220,49.90,21 sold/month,,39%,/Pentec-Rice-Cooker-(1.0-L)-TAC-501H-TAC-220-i.19103212.8018540121?sp_atk=435f3b9d-f34d-406a-a1ee-96b8e595d471
230,Midea 0.6L Baby Mini Rice Cooker MG-GP06B Periuk Nasi Elektrik Rice Cookers Mini Kecil MGGP06B,48.00,21 sold/month,,,/Midea-0.6L-Baby-Mini-Rice-Cooker-MG-GP06B-Periuk-Nasi-Elektrik-Rice-Cookers-Mini-Kecil-MGGP06B-i.322341391.11936755175?sp_atk=2dc62c56-474a-4a89-83a3-db9d5fbbe5bc
231,【12.12 PROMO】SHARP Rice Cooker (Non-Stick) Periuk Nasi - 1L /1.8L/2.2L/2.8L/4.5L,84.15,21 sold/month,,1%,/【12.12-PROMO】SHARP-Rice-Cooker-(Non-Stick)-Periuk-Nasi-1L-1.8L-2.2L-2.8L-4.5L-i.320711733.13413654869?sp_atk=4e1704a4-002d-4c99-8245-7b547b70846e
232,3 Terminals Ceiling Rose 5 amp/250 volt ( White ),1.35,,,,/3-Terminals-Ceiling-Rose-5-amp-250-volt-(-White-)-i.299387581.9559189268?sp_atk=c790c585-a96e-4497-bc79-31e6f1f15f69
235,BM. 13A 1440W Power Cord Fused 3 Pin Plug 1.8m 1.5m 1.2m Length Power Supply PC Desktop Laptop Computer LCD Rice Cooker,5.80,20 sold/month,,71%,/BM.-13A-1440W-Power-Cord-Fused-3-Pin-Plug-1.8m-1.5m-1.2m-Length-Power-Supply-PC-Desktop-Laptop-Computer-LCD-Rice-Cooker-i.339816279.8251506692?sp_atk=a14abf95-b272-4599-b4d9-ebc38a4f224e
236,Joyoung MIni Electric Cooker F-15Z605 electric cooker mini dormitory student pot multifunctional all-in-one pot home,79.00,,RM109.00,28%,/Joyoung-MIni-Electric-Cooker-F-15Z605-electric-cooker-mini-dormitory-student-pot-multifunctional-all-in-one-pot-home-i.499459523.13236168927?sp_atk=95762b25-77e4-4bbd-87c6-588a8b202e0f
237,Khind 1L Anshin Rice Cooker RC110M,262.90,,RM343.00,23%,/Khind-1L-Anshin-Rice-Cooker-RC110M-i.135637544.2051162157?sp_atk=1a9188f7-2d0b-4205-83b7-a6ec6b235031
240,KONKA Rice Cooker 2L With Non-stick Pan/Steaming Rack 420W (KRC-RS1),128.10,46 sold/month,RM274.20,53%,/KONKA-Rice-Cooker-2L-With-Non-stick-Pan-Steaming-Rack-420W-(KRC-RS1)-i.492634493.4996567242?sp_atk=4aab128c-143c-402f-86bf-0164446dc756
241,Mini Rice Cooker Non Stick Home Appliances Soup Pot Steamer Electric Periuk Nasi Elektrik Mini Kecil 迷你电饭煲 煲汤锅 [H06],49.80,160 sold/month,RM89.90,45%,/Mini-Rice-Cooker-Non-Stick-Home-Appliances-Soup-Pot-Steamer-Electric-Periuk-Nasi-Elektrik-Mini-Kecil-迷你电饭煲-煲汤锅-H06--i.69443962.8614793700?sp_atk=bbc7f124-a705-4db8-bf3a-109c24e34581
242,Milux Sugar Less Rice Cooker MRC-D182SL Periuk Nasi turun kanji 低糖饭锅,193.50,,,6%,/Milux-Sugar-Less-Rice-Cooker-MRC-D182SL-Periuk-Nasi-turun-kanji-低糖饭锅-i.105283875.9432977259?sp_atk=47b622b2-9b1e-4b2d-8fc6-a9b5c2081950
243,Sharp Rice Cooker KS-H228S-PK 2.2LITRE,119.00,,RM169.00,30%,/Sharp-Rice-Cooker-KS-H228S-PK-2.2LITRE-i.257065669.9467954169?sp_atk=a37da3d4-f67e-4f0e-857f-33b355405a91
244,Toshiba 1.8L IH Low Sugar Digital Rice Cooker Healthy Cooker RC-18ISPMY | 1.0L RC-10IRPMY,680.00,,,40%,/Toshiba-1.8L-IH-Low-Sugar-Digital-Rice-Cooker-Healthy-Cooker-RC-18ISPMY-1.0L-RC-10IRPMY-i.10197262.7083246127?sp_atk=55e5e455-e16b-4133-af32-bf7142c09814
245,MMX Pressure Cooker Stainless Steel Pot Rice Cooker 15 functions (6L) Ewant Pro MMXYBD6-114SB-MC+GL,188.88,21 sold/month,RM688.00,73%,/MMX-Pressure-Cooker-Stainless-Steel-Pot-Rice-Cooker-15-functions-(6L)-Ewant-Pro-MMXYBD6-114SB-MC-GL-i.19831046.214983371?sp_atk=4a68f112-2cf6-46ad-a512-b17a8bf5ff19
246,Bear Electric Lunch Box DFH-B20J1 (2L),155.82,20 sold/month,RM229.00,32%,/Bear-Electric-Lunch-Box-DFH-B20J1-(2L)-i.225134101.4733991886?sp_atk=fc131905-78f8-4bfe-aedf-cb64e726b765
247,TEFAL Mini Rice Cooker 0.4L RK1721 (2CUPS) MINI MECHANICAL RICE COOKER RK1721,111.00,20 sold/month,RM129.00,14%,/TEFAL-Mini-Rice-Cooker-0.4L-RK1721-(2CUPS)-MINI-MECHANICAL-RICE-COOKER-RK1721-i.16926359.3481604955?sp_atk=881a6036-3445-4706-ae79-786b7503fce4
248,Midea Conventional Rice Cooker 0.6L MG-GP06B Glass Lid Periuk Nasi Midea MGGP06B,46.95,20 sold/month,,32%,/Midea-Conventional-Rice-Cooker-0.6L-MG-GP06B-Glass-Lid-Periuk-Nasi-Midea-MGGP06B-i.415869102.9568501488?sp_atk=cdcde8bd-67dd-4212-ac08-1fa94555d431
249,Tefal Mini Mechanical 0.4L Rice Cooker RK1721,109.00,20 sold/month,RM179.00,39%,/Tefal-Mini-Mechanical-0.4L-Rice-Cooker-RK1721-i.34517375.1523797613?sp_atk=053f7565-afbc-4fad-ac56-632ac9e3bae5
250,🔥Ready Stock🔥 Mini Non-stick Rice Cooker European Retro Vintage Elegant Design Electric Cooker Family Gift Periuk Nasi,45.90,20 sold/month,,,/🔥Ready-Stock🔥-Mini-Non-stick-Rice-Cooker-European-Retro-Vintage-Elegant-Design-Electric-Cooker-Family-Gift-Periuk-Nasi-i.284110577.4371602150?sp_atk=1ced6a40-dbed-482a-af01-d9174e06d35f
251,Milux Personal Rice Cooker - Random Colour (0.3L) MRC-703,51.48,20 sold/month,,26%,/Milux-Personal-Rice-Cooker-Random-Colour-(0.3L)-MRC-703-i.154039251.5618986917?sp_atk=7818ac0b-9c08-485f-8703-54c9e3f1274f
252,local seller bihun tempatan bihun cap merak 450g (muslim seller),2.60,20 sold/month,,,/local-seller-bihun-tempatan-bihun-cap-merak-450g-(muslim-seller)-i.79439493.4587734113?sp_atk=47b785c6-cb18-49a7-8cd3-24173ed3520b
253,【Tachzon】1.2L Mini Rice Cooker Multi-function Electric Rice Cooker 1-2 people Non-Stick Household Small Cooking Machine,49.20,20 sold/month,RM59.00,41%,/【Tachzon】1.2L-Mini-Rice-Cooker-Multi-function-Electric-Rice-Cooker-1-2-people-Non-Stick-Household-Small-Cooking-Machine-i.310845632.12440917951?sp_atk=5f8027a6-ccc5-4000-b2d7-0b770fb031f8
254,(RB23) RICE COOKER SWITCH 16A,3.50,19 sold/month,,,/(RB23)-RICE-COOKER-SWITCH-16A-i.56909310.1498129416?sp_atk=727c1c72-2a0d-41d9-af5f-f2e57b20e0b9
255,XBRC01 Non Stick Hidden Handle Mini Rice Cooker 1.2L,31.70,19 sold/month,RM118.00,73%,/XBRC01-Non-Stick-Hidden-Handle-Mini-Rice-Cooker-1.2L-i.13093.704050187?sp_atk=a31b6474-6ee5-4ccc-b1a9-b962ec4adbf2
256,MIDEA SMART RICE COOKER MB-FS10 PINK GREEN MILUX 30L ELECTRIC OVEN PINK,125.00,19 sold/month,,46%,/MIDEA-SMART-RICE-COOKER-MB-FS10-PINK-GREEN-MILUX-30L-ELECTRIC-OVEN-PINK-i.310383543.6787006178?sp_atk=baadd806-88a0-4234-a463-7fbe37d6638f
257,Penangseller-Electric NonStick Ceramic/Marble Frying Pan Rice Multi Mini Rice Cooker,19.57,19 sold/month,RM20.60,5%,/Penangseller-Electric-NonStick-Ceramic-Marble-Frying-Pan-Rice-Multi-Mini-Rice-Cooker-i.110267140.3464799968?sp_atk=ea40da33-bee2-45fc-a3d6-cd169aaabba8
260,LOPOL 1.8L !!! Electric 2 Layer Non Stick Rice Cooker Steamboat Fry Steamer Cooker with Tray,18.30,19 sold/month,,,/LOPOL-1.8L-!!!-Electric-2-Layer-Non-Stick-Rice-Cooker-Steamboat-Fry-Steamer-Cooker-with-Tray-i.251428537.6232627618?sp_atk=d5756442-aee5-4208-a1fa-6cc914642572
261,Electric NonStick Ceramic Multi Cooker Frying Pan Grill Hot Pot Mini Rice Cooker,19.39,19 sold/month,,90%,/Electric-NonStick-Ceramic-Multi-Cooker-Frying-Pan-Grill-Hot-Pot-Mini-Rice-Cooker-i.18724015.1390358510?sp_atk=08700144-ff37-48c7-a8c1-f3b3c21655a9
262,【Nice】 Xiaomi Mi Smart Mini Rice Cooker 1.6L / 3L C1 Intelligent Small LED Display Non Stick Electric Cooker,89.00,12 sold/month,,75%,/【Nice】-Xiaomi-Mi-Smart-Mini-Rice-Cooker-1.6L-3L-C1-Intelligent-Small-LED-Display-Non-Stick-Electric-Cooker-i.371926975.9611176147?sp_atk=27cf2ad7-de65-4b2f-94c5-9d5306f97ce7
265,Midea Jar Rice Cooker MB-18YH ( 1.8L ) Pink White,61.94,17 sold/month,RM71.50,13%,/Midea-Jar-Rice-Cooker-MB-18YH-(-1.8L-)-Pink-White-i.93747783.7548771860?sp_atk=5c2cccf9-80e0-4691-aa8d-04f9482e5613
266,Ready Stock 1.8L NonStick Ceramic/Marble Frying Pan Multifunction Mini Rice Cooker Electric Cooker Cooking Pot,24.90,18 sold/month,,,/Ready-Stock-1.8L-NonStick-Ceramic-Marble-Frying-Pan-Multifunction-Mini-Rice-Cooker-Electric-Cooker-Cooking-Pot-i.14583751.3515445396?sp_atk=fdaebbb0-3f4f-4482-87a4-d1390aaa1f5e
267,"- Toshiba Rice Cooker Open/Close Button For Model RC-10NMFIM, RC-18NMFIM",22.50,18 sold/month,RM25.00,10%,/-Toshiba-Rice-Cooker-Open-Close-Button-For-Model-RC-10NMFIM-RC-18NMFIM-i.7880091.2552472082?sp_atk=72637ca2-e715-4f53-96b4-3d0ba19aee52
270,Midea 0.6L Rice Cooker MG-GP06B,36.50,18 sold/month,RM83.10,56%,/Midea-0.6L-Rice-Cooker-MG-GP06B-i.285003432.7644117168?sp_atk=360d25e7-6fe3-459d-a683-dd4a0324122a
271,Cuckoo CR-0671V 1.08 Liter Rice Cooker - Violet/White,124.00,18 sold/month,RM249.00,50%,/Cuckoo-CR-0671V-1.08-Liter-Rice-Cooker-Violet-White-i.230937972.5217929766?sp_atk=865f2bff-d76d-4e76-bcf8-846854c84e0b
272,KHIND/ ISONIC Rice Cooker 1.0L / 1.8L / 2.8L [ READY STOCK],44.99,14 sold/month,,36%,/KHIND-ISONIC-Rice-Cooker-1.0L-1.8L-2.8L-READY-STOCK--i.333762812.9317211853?sp_atk=58632f27-5bb4-4f06-b3c2-607f07d870cb
275,Egoodsmall Bear Electric Rice Cooker DFH-B20J1 2L Electric Lunch Box Rice Cooker Electric Lunch Box Periuk,159.00,9 sold/month,RM199.00,20%,/Egoodsmall-Bear-Electric-Rice-Cooker-DFH-B20J1-2L-Electric-Lunch-Box-Rice-Cooker-Electric-Lunch-Box-Periuk-i.63913522.7740463068?sp_atk=7fa47370-8959-4fe2-b8bf-2a5ffe2cc319
276,Mini Cooker Periuk Nasi Mini Rice Cooker Periuk Non Stick Wok Hot Pot Steamboat Pot Cooking Pot Mini Steamer Pengukus,22.37,18 sold/month,RM45.70,51%,/Mini-Cooker-Periuk-Nasi-Mini-Rice-Cooker-Periuk-Non-Stick-Wok-Hot-Pot-Steamboat-Pot-Cooking-Pot-Mini-Steamer-Pengukus-i.160799675.10360392384?sp_atk=468b9b66-76ff-419e-9067-3366b3e0b2eb
277,【TUGU】3L Non Stick Rice Cooker Household Smart Multi-function Fully Automatic Home Appliance Cooker Periuk Nasi 電飯煲,88.66,18 sold/month,RM150.00,41%,/【TUGU】3L-Non-Stick-Rice-Cooker-Household-Smart-Multi-function-Fully-Automatic-Home-Appliance-Cooker-Periuk-Nasi-電飯煲-i.391915951.12553737485?sp_atk=983e8c9e-b1a2-4dd8-9fec-a7458e1e6c93
280,Philips Fuzzy Logic Rice Cooker HD4515 | HD4515/63,269.00,17 sold/month,RM349.00,23%,/Philips-Fuzzy-Logic-Rice-Cooker-HD4515-HD4515-63-i.175347531.5632106809?sp_atk=1635387c-d64a-4442-8aa2-810845978709
281,ELBA 1.2L MINI RICE COOKER [ERC-D1233(WH)],89.95,17 sold/month,RM129.00,30%,/ELBA-1.2L-MINI-RICE-COOKER-ERC-D1233(WH)--i.163762951.2503391627?sp_atk=50d7a3df-9d88-4de4-b316-f349a0ce475b
282,Pensonic Rice Cooker (1.0L) PRC-11E,62.18,17 sold/month,RM87.00,29%,/Pensonic-Rice-Cooker-(1.0L)-PRC-11E-i.44221566.8711826886?sp_atk=08f4a9e4-066d-4e6e-a742-5b62a3458d31
285,★READYSTOCK★Electric Multifunctional Non-Stick Rice Cooker(1.8L)with steamer/Electric Frying Pan/Periuk Nasi/迷你宿舍小电锅/饭锅,29.90,17 sold/month,RM90.00,67%,/★READYSTOCK★Electric-Multifunctional-Non-Stick-Rice-Cooker(1.8L)with-steamer-Electric-Frying-Pan-Periuk-Nasi-迷你宿舍小电锅-饭锅-i.314142269.7285574870?sp_atk=d152d47e-fcec-423b-aa2f-99c14442e0ef
286,SHARP 1.8L NON-STICK INNER POT RICE COOKER KSH188SPK//KSH188SSL,99.00,14 sold/month,,,/SHARP-1.8L-NON-STICK-INNER-POT-RICE-COOKER-KSH188SPK-KSH188SSL-i.330376403.4877903059?sp_atk=db2d2729-b188-4e0c-8834-fd97b67a42f6
287,1.8L Multifunctional Non Stick Electric Pot /Mini Rice Cooker With Steamer Frying Pan Electric Cooker Cooking Pot,30.90,17 sold/month,RM45.90,33%,/1.8L-Multifunctional-Non-Stick-Electric-Pot-Mini-Rice-Cooker-With-Steamer-Frying-Pan-Electric-Cooker-Cooking-Pot-i.546053419.13922400408?sp_atk=9e5b8d17-e8ee-498a-8bc0-027ec5e5b480
290,【Tachzon】Electric Grill Pan NonStick Ceramic Electric Cooker Mini Rice Cooker Multi Cooker Mini Steamboat 电煮锅,36.80,16 sold/month,,77%,/【Tachzon】Electric-Grill-Pan-NonStick-Ceramic-Electric-Cooker-Mini-Rice-Cooker-Multi-Cooker-Mini-Steamboat-电煮锅-i.310845632.12648460110?sp_atk=dba53f6f-95a8-4c75-b163-43756acee0d0
291,🚚<Local Fast Ship>3L Rice Cooker Household Smart Intelligent Multi-function Fully Automatic Home Appliance Cooker,83.88,16 sold/month,RM188.00,55%,/🚚-Local-Fast-Ship-3L-Rice-Cooker-Household-Smart-Intelligent-Multi-function-Fully-Automatic-Home-Appliance-Cooker-i.391896778.12948425035?sp_atk=aabca657-05d3-48a2-a087-afa88f4bbabd
292,MMX Pressure Cooker Rice Cooker Rendang (12L) 10 Preset Ewant Classic MMXYBD12-160AG-NS,348.88,16 sold/month,RM988.00,65%,/MMX-Pressure-Cooker-Rice-Cooker-Rendang-(12L)-10-Preset-Ewant-Classic-MMXYBD12-160AG-NS-i.19831046.6644095216?sp_atk=3ae7fa01-093d-4310-a7fb-d8ceccc554c2
295,🔥READY STOCK🔥🇲🇾  Smart Mini Rice Cooker Home Students Small Multi-Function Travel 1.2L/2.5L Ready Stock,43.50,127 sold/month,,77%,/🔥READY-STOCK🔥🇲🇾-Smart-Mini-Rice-Cooker-Home-Students-Small-Multi-Function-Travel-1.2L-2.5L-Ready-Stock-i.272164095.7241165666?sp_atk=0b6edd96-decd-4be7-873e-f95fc0f4a236
296,TOSHIBA JAR RICE COOKER 1.8 LITRE RC-18JH1NMY 饭煲,98.00,1 sold/month,RM190.00,48%,/TOSHIBA-JAR-RICE-COOKER-1.8-LITRE-RC-18JH1NMY-饭煲-i.257065669.6943676613?sp_atk=777f3f1c-7fca-4528-bef9-cb18696cdb6e
297,"Multi-function electric cooker 3L/5L Non-Stick Steamboat Rice Cooker with Temperature Control, with Overheating Protection, with steamer for Fry, Sauté, Steam, Simmer, Electric Frying Pan",68.80,32 sold/month,,23%,/Multi-function-electric-cooker-3L-5L-Non-Stick-Steamboat-Rice-Cooker-with-Temperature-Control-with-Overheating-Protection-with-steamer-for-Fry-Sauté-Steam-Simmer-Electric-Frying-Pan-i.441550238.8556971512?sp_atk=5e3015ec-f51e-4e64-814a-66715987ec9d
